<ImportExportXml xmlns:xsi="http://www.w3.org/2001/XMLSchema-instance">
  <Entities></Entities>
  <Roles></Roles>
  <Workflows></Workflows>
  <FieldSecurityProfiles></FieldSecurityProfiles>
  <Templates />
  <EntityMaps />
  <EntityRelationships />
  <OrganizationSettings />
  <optionsets />
  <WebResources>
    <WebResource>
      <WebResourceId>{78b4a1c3-f2ad-e911-a97b-0022480130e2}</WebResourceId>
      <Name>plx_/MediaManager/jsTree/themes/default/40px.png</Name>
      <WebResourceType>5</WebResourceType>
      <IntroducedVersion>1.0</IntroducedVersion>
      <IsEnabledForMobileClient>0</IsEnabledForMobileClient>
      <IsAvailableForMobileOffline>0</IsAvailableForMobileOffline>
      <IsCustomizable>1</IsCustomizable>
      <CanBeDeleted>1</CanBeDeleted>
      <IsHidden>0</IsHidden>
      <FileName>/WebResources/plx_MediaManagerjsTreethemesdefault40pxpng78B4A1C3-F2AD-E911-A97B-0022480130E2</FileName>
    </WebResource>
    <WebResource>
      <WebResourceId>{9db4a1c3-f2ad-e911-a97b-0022480130e2}</WebResourceId>
      <Name>plx_/MediaManager/jsTree/themes/default_dark/style.css</Name>
      <WebResourceType>2</WebResourceType>
      <IntroducedVersion>1.0</IntroducedVersion>
      <IsEnabledForMobileClient>0</IsEnabledForMobileClient>
      <IsAvailableForMobileOffline>0</IsAvailableForMobileOffline>
      <IsCustomizable>1</IsCustomizable>
      <CanBeDeleted>1</CanBeDeleted>
      <IsHidden>0</IsHidden>
      <FileName>/WebResources/plx_MediaManagerjsTreethemesdefault_darkstylecss9DB4A1C3-F2AD-E911-A97B-0022480130E2</FileName>
    </WebResource>
    <WebResource>
      <WebResourceId>{a2b4a1c3-f2ad-e911-a97b-0022480130e2}</WebResourceId>
      <Name>plx_/MediaManager/jsTree/themes/default_dark/throbber.gif</Name>
      <WebResourceType>7</WebResourceType>
      <IntroducedVersion>1.0</IntroducedVersion>
      <IsEnabledForMobileClient>0</IsEnabledForMobileClient>
      <IsAvailableForMobileOffline>0</IsAvailableForMobileOffline>
      <IsCustomizable>1</IsCustomizable>
      <CanBeDeleted>1</CanBeDeleted>
      <IsHidden>0</IsHidden>
      <FileName>/WebResources/plx_MediaManagerjsTreethemesdefault_darkthrobbergiA2B4A1C3-F2AD-E911-A97B-0022480130E2</FileName>
    </WebResource>
    <WebResource>
      <WebResourceId>{a4b4a1c3-f2ad-e911-a97b-0022480130e2}</WebResourceId>
      <Name>plx_/MediaManager/loading.svg</Name>
      <WebResourceType>11</WebResourceType>
      <IntroducedVersion>1.0</IntroducedVersion>
      <IsEnabledForMobileClient>0</IsEnabledForMobileClient>
      <IsAvailableForMobileOffline>0</IsAvailableForMobileOffline>
      <IsCustomizable>1</IsCustomizable>
      <CanBeDeleted>1</CanBeDeleted>
      <IsHidden>0</IsHidden>
      <FileName>/WebResources/plx_MediaManagerloadingsvgA4B4A1C3-F2AD-E911-A97B-0022480130E2</FileName>
    </WebResource>
    <WebResource>
      <WebResourceId>{abb4a1c3-f2ad-e911-a97b-0022480130e2}</WebResourceId>
      <Name>plx_/MediaManager/loading70px.gif</Name>
      <WebResourceType>7</WebResourceType>
      <IntroducedVersion>1.0</IntroducedVersion>
      <IsEnabledForMobileClient>0</IsEnabledForMobileClient>
      <IsAvailableForMobileOffline>0</IsAvailableForMobileOffline>
      <IsCustomizable>1</IsCustomizable>
      <CanBeDeleted>1</CanBeDeleted>
      <IsHidden>0</IsHidden>
      <FileName>/WebResources/plx_MediaManagerloading70pxgifABB4A1C3-F2AD-E911-A97B-0022480130E2</FileName>
    </WebResource>
    <WebResource>
      <WebResourceId>{a3462700-f3ad-e911-a97b-0022480130e2}</WebResourceId>
      <Name>plx_/MediaManager/Icon32.png</Name>
      <WebResourceType>5</WebResourceType>
      <IntroducedVersion>1.0</IntroducedVersion>
      <IsEnabledForMobileClient>0</IsEnabledForMobileClient>
      <IsAvailableForMobileOffline>0</IsAvailableForMobileOffline>
      <IsCustomizable>1</IsCustomizable>
      <CanBeDeleted>1</CanBeDeleted>
      <IsHidden>0</IsHidden>
      <FileName>/WebResources/plx_MediaManagerIcon32pngA3462700-F3AD-E911-A97B-0022480130E2</FileName>
    </WebResource>
    <WebResource>
      <WebResourceId>{1b8ede4b-19b2-e911-a97b-0022480130e2}</WebResourceId>
      <Name>plx_/MediaManager/MediaManager.MockIntf.js</Name>
      <WebResourceType>3</WebResourceType>
      <IntroducedVersion>1.0</IntroducedVersion>
      <IsEnabledForMobileClient>0</IsEnabledForMobileClient>
      <IsAvailableForMobileOffline>0</IsAvailableForMobileOffline>
      <IsCustomizable>1</IsCustomizable>
      <CanBeDeleted>1</CanBeDeleted>
      <IsHidden>0</IsHidden>
      <FileName>/WebResources/plx_MediaManagerMediaManagerMockIntfjs1B8EDE4B-19B2-E911-A97B-0022480130E2</FileName>
    </WebResource>
    <WebResource>
      <WebResourceId>{268ede4b-19b2-e911-a97b-0022480130e2}</WebResourceId>
      <Name>plx_/MediaManager/Upload.png</Name>
      <WebResourceType>5</WebResourceType>
      <IntroducedVersion>1.0</IntroducedVersion>
      <IsEnabledForMobileClient>0</IsEnabledForMobileClient>
      <IsAvailableForMobileOffline>0</IsAvailableForMobileOffline>
      <IsCustomizable>1</IsCustomizable>
      <CanBeDeleted>1</CanBeDeleted>
      <IsHidden>0</IsHidden>
      <FileName>/WebResources/plx_MediaManagerUploadpng268EDE4B-19B2-E911-A97B-0022480130E2</FileName>
    </WebResource>
    <WebResource>
      <WebResourceId>{91fb89c2-f2ad-e911-a97d-00224801377b}</WebResourceId>
      <Name>plx_/MediaManager/jsTree/themes/default/throbber.gif</Name>
      <WebResourceType>7</WebResourceType>
      <IntroducedVersion>1.0</IntroducedVersion>
      <IsEnabledForMobileClient>0</IsEnabledForMobileClient>
      <IsAvailableForMobileOffline>0</IsAvailableForMobileOffline>
      <IsCustomizable>1</IsCustomizable>
      <CanBeDeleted>1</CanBeDeleted>
      <IsHidden>0</IsHidden>
      <FileName>/WebResources/plx_MediaManagerjsTreethemesdefaultthrobbergif91FB89C2-F2AD-E911-A97D-00224801377B</FileName>
    </WebResource>
    <WebResource>
      <WebResourceId>{bcfb89c2-f2ad-e911-a97d-00224801377b}</WebResourceId>
      <Name>plx_/MediaManager/loading75px.gif</Name>
      <WebResourceType>7</WebResourceType>
      <IntroducedVersion>1.0</IntroducedVersion>
      <IsEnabledForMobileClient>0</IsEnabledForMobileClient>
      <IsAvailableForMobileOffline>0</IsAvailableForMobileOffline>
      <IsCustomizable>1</IsCustomizable>
      <CanBeDeleted>1</CanBeDeleted>
      <IsHidden>0</IsHidden>
      <FileName>/WebResources/plx_MediaManagerloading75pxgifBCFB89C2-F2AD-E911-A97D-00224801377B</FileName>
    </WebResource>
    <WebResource>
      <WebResourceId>{42bfa1c8-f2ad-e911-a97d-00224801377b}</WebResourceId>
      <Name>plx_/MediaManager/MediaManager.html</Name>
      <DisplayName>Media Manager Browser</DisplayName>
      <WebResourceType>1</WebResourceType>
      <IntroducedVersion>1.0</IntroducedVersion>
      <IsEnabledForMobileClient>0</IsEnabledForMobileClient>
      <IsAvailableForMobileOffline>0</IsAvailableForMobileOffline>
      <DependencyXml>&lt;Dependencies&gt;&lt;Dependency componentType="WebResource"/&gt;&lt;/Dependencies&gt;</DependencyXml>
      <IsCustomizable>1</IsCustomizable>
      <CanBeDeleted>1</CanBeDeleted>
      <IsHidden>0</IsHidden>
      <FileName>/WebResources/plx_MediaManagerMediaManagerhtml42BFA1C8-F2AD-E911-A97D-00224801377B</FileName>
    </WebResource>
    <WebResource>
      <WebResourceId>{c5bcf0fe-f2ad-e911-a97d-00224801377b}</WebResourceId>
      <Name>plx_/MediaManager/control.js</Name>
      <WebResourceType>3</WebResourceType>
      <IntroducedVersion>1.0</IntroducedVersion>
      <IsEnabledForMobileClient>0</IsEnabledForMobileClient>
      <IsAvailableForMobileOffline>0</IsAvailableForMobileOffline>
      <IsCustomizable>1</IsCustomizable>
      <CanBeDeleted>1</CanBeDeleted>
      <IsHidden>0</IsHidden>
      <FileName>/WebResources/plx_MediaManagercontroljsC5BCF0FE-F2AD-E911-A97D-00224801377B</FileName>
    </WebResource>
    <WebResource>
      <WebResourceId>{26db8ec3-f2ad-e911-a981-0022480140fe}</WebResourceId>
      <Name>plx_/MediaManager/jsTree/themes/default/32px.png</Name>
      <WebResourceType>5</WebResourceType>
      <IntroducedVersion>1.0</IntroducedVersion>
      <IsEnabledForMobileClient>0</IsEnabledForMobileClient>
      <IsAvailableForMobileOffline>0</IsAvailableForMobileOffline>
      <IsCustomizable>1</IsCustomizable>
      <CanBeDeleted>1</CanBeDeleted>
      <IsHidden>0</IsHidden>
      <FileName>/WebResources/plx_MediaManagerjsTreethemesdefault32pxpng26DB8EC3-F2AD-E911-A981-0022480140FE</FileName>
    </WebResource>
    <WebResource>
      <WebResourceId>{73db8ec3-f2ad-e911-a981-0022480140fe}</WebResourceId>
      <Name>plx_/MediaManager/loading50px.gif</Name>
      <WebResourceType>7</WebResourceType>
      <IntroducedVersion>1.0</IntroducedVersion>
      <IsEnabledForMobileClient>0</IsEnabledForMobileClient>
      <IsAvailableForMobileOffline>0</IsAvailableForMobileOffline>
      <IsCustomizable>1</IsCustomizable>
      <CanBeDeleted>1</CanBeDeleted>
      <IsHidden>0</IsHidden>
      <FileName>/WebResources/plx_MediaManagerloading50pxgif73DB8EC3-F2AD-E911-A981-0022480140FE</FileName>
    </WebResource>
    <WebResource>
      <WebResourceId>{37afdfff-f2ad-e911-a981-0022480140fe}</WebResourceId>
      <Name>plx_/MediaManager/control.html</Name>
      <DisplayName>Media Manager Control</DisplayName>
      <Description>This is the web resource to embed on a form.
</Description>
      <WebResourceType>1</WebResourceType>
      <IntroducedVersion>1.0</IntroducedVersion>
      <IsEnabledForMobileClient>0</IsEnabledForMobileClient>
      <IsAvailableForMobileOffline>0</IsAvailableForMobileOffline>
      <DependencyXml>&lt;Dependencies&gt;&lt;Dependency componentType="WebResource"/&gt;&lt;/Dependencies&gt;</DependencyXml>
      <IsCustomizable>1</IsCustomizable>
      <CanBeDeleted>1</CanBeDeleted>
      <IsHidden>0</IsHidden>
      <FileName>/WebResources/plx_MediaManagercontrolhtml37AFDFFF-F2AD-E911-A981-0022480140FE</FileName>
    </WebResource>
    <WebResource>
      <WebResourceId>{43afdfff-f2ad-e911-a981-0022480140fe}</WebResourceId>
      <Name>plx_/MediaManager/Icon192.png</Name>
      <WebResourceType>5</WebResourceType>
      <IntroducedVersion>1.0</IntroducedVersion>
      <IsEnabledForMobileClient>0</IsEnabledForMobileClient>
      <IsAvailableForMobileOffline>0</IsAvailableForMobileOffline>
      <IsCustomizable>1</IsCustomizable>
      <CanBeDeleted>1</CanBeDeleted>
      <IsHidden>0</IsHidden>
      <FileName>/WebResources/plx_MediaManagerIcon192png43AFDFFF-F2AD-E911-A981-0022480140FE</FileName>
    </WebResource>
    <WebResource>
      <WebResourceId>{48afdfff-f2ad-e911-a981-0022480140fe}</WebResourceId>
      <Name>plx_/MediaManager/jquery_3.4.1.min.js</Name>
      <WebResourceType>3</WebResourceType>
      <IntroducedVersion>1.0</IntroducedVersion>
      <IsEnabledForMobileClient>0</IsEnabledForMobileClient>
      <IsAvailableForMobileOffline>0</IsAvailableForMobileOffline>
      <IsCustomizable>1</IsCustomizable>
      <CanBeDeleted>1</CanBeDeleted>
      <IsHidden>0</IsHidden>
      <FileName>/WebResources/plx_MediaManagerjquery_341minjs48AFDFFF-F2AD-E911-A981-0022480140FE</FileName>
    </WebResource>
    <WebResource>
      <WebResourceId>{54afdfff-f2ad-e911-a981-0022480140fe}</WebResourceId>
      <Name>plx_/MediaManager/jsTree/jstree.min.js</Name>
      <WebResourceType>3</WebResourceType>
      <IntroducedVersion>1.0</IntroducedVersion>
      <IsEnabledForMobileClient>0</IsEnabledForMobileClient>
      <IsAvailableForMobileOffline>0</IsAvailableForMobileOffline>
      <IsCustomizable>1</IsCustomizable>
      <CanBeDeleted>1</CanBeDeleted>
      <IsHidden>0</IsHidden>
      <FileName>/WebResources/plx_MediaManagerjsTreejstreeminjs54AFDFFF-F2AD-E911-A981-0022480140FE</FileName>
    </WebResource>
    <WebResource>
      <WebResourceId>{ebe0eb48-19b2-e911-a981-0022480140fe}</WebResourceId>
      <Name>plx_/MediaManager/MediaManager.CRM.js</Name>
      <WebResourceType>3</WebResourceType>
      <IntroducedVersion>1.0</IntroducedVersion>
      <IsEnabledForMobileClient>0</IsEnabledForMobileClient>
      <IsAvailableForMobileOffline>0</IsAvailableForMobileOffline>
      <IsCustomizable>1</IsCustomizable>
      <CanBeDeleted>1</CanBeDeleted>
      <IsHidden>0</IsHidden>
      <FileName>/WebResources/plx_MediaManagerMediaManagerCRMjsEBE0EB48-19B2-E911-A981-0022480140FE</FileName>
    </WebResource>
    <WebResource>
      <WebResourceId>{03c5febe-bab3-e911-a981-0022480140fe}</WebResourceId>
      <Name>plx_/MediaManager/MediaManager.Control.js</Name>
      <WebResourceType>3</WebResourceType>
      <IntroducedVersion>1.0</IntroducedVersion>
      <IsEnabledForMobileClient>0</IsEnabledForMobileClient>
      <IsAvailableForMobileOffline>0</IsAvailableForMobileOffline>
      <IsCustomizable>1</IsCustomizable>
      <CanBeDeleted>1</CanBeDeleted>
      <IsHidden>0</IsHidden>
      <FileName>/WebResources/plx_MediaManagerMediaManagerControljs03C5FEBE-BAB3-E911-A981-0022480140FE</FileName>
    </WebResource>
    <WebResource>
      <WebResourceId>{cad937c5-f2ad-e911-a97e-002248014773}</WebResourceId>
      <Name>plx_/MediaManager/jsTree/themes/default/style.css</Name>
      <WebResourceType>2</WebResourceType>
      <IntroducedVersion>1.0</IntroducedVersion>
      <IsEnabledForMobileClient>0</IsEnabledForMobileClient>
      <IsAvailableForMobileOffline>0</IsAvailableForMobileOffline>
      <IsCustomizable>1</IsCustomizable>
      <CanBeDeleted>1</CanBeDeleted>
      <IsHidden>0</IsHidden>
      <FileName>/WebResources/plx_MediaManagerjsTreethemesdefaultstylecssCAD937C5-F2AD-E911-A97E-002248014773</FileName>
    </WebResource>
    <WebResource>
      <WebResourceId>{d8d937c5-f2ad-e911-a97e-002248014773}</WebResourceId>
      <Name>plx_/MediaManager/jsTree/themes/default/style.min.css</Name>
      <WebResourceType>2</WebResourceType>
      <IntroducedVersion>1.0</IntroducedVersion>
      <IsEnabledForMobileClient>0</IsEnabledForMobileClient>
      <IsAvailableForMobileOffline>0</IsAvailableForMobileOffline>
      <IsCustomizable>1</IsCustomizable>
      <CanBeDeleted>1</CanBeDeleted>
      <IsHidden>0</IsHidden>
      <FileName>/WebResources/plx_MediaManagerjsTreethemesdefaultstylemincssD8D937C5-F2AD-E911-A97E-002248014773</FileName>
    </WebResource>
    <WebResource>
      <WebResourceId>{e8d937c5-f2ad-e911-a97e-002248014773}</WebResourceId>
      <Name>plx_/MediaManager/jsTree/themes/default_dark/style.min.css</Name>
      <WebResourceType>2</WebResourceType>
      <IntroducedVersion>1.0</IntroducedVersion>
      <IsEnabledForMobileClient>0</IsEnabledForMobileClient>
      <IsAvailableForMobileOffline>0</IsAvailableForMobileOffline>
      <IsCustomizable>1</IsCustomizable>
      <CanBeDeleted>1</CanBeDeleted>
      <IsHidden>0</IsHidden>
      <FileName>/WebResources/plx_MediaManagerjsTreethemesdefault_darkstylemincsE8D937C5-F2AD-E911-A97E-002248014773</FileName>
    </WebResource>
    <WebResource>
      <WebResourceId>{fdd937c5-f2ad-e911-a97e-002248014773}</WebResourceId>
      <Name>plx_/MediaManager/no_picture.png</Name>
      <WebResourceType>5</WebResourceType>
      <IntroducedVersion>1.0</IntroducedVersion>
      <IsEnabledForMobileClient>0</IsEnabledForMobileClient>
      <IsAvailableForMobileOffline>0</IsAvailableForMobileOffline>
      <IsCustomizable>1</IsCustomizable>
      <CanBeDeleted>1</CanBeDeleted>
      <IsHidden>0</IsHidden>
      <FileName>/WebResources/plx_MediaManagerno_picturepngFDD937C5-F2AD-E911-A97E-002248014773</FileName>
    </WebResource>
    <WebResource>
      <WebResourceId>{556d572e-91b3-e911-a97e-002248014773}</WebResourceId>
      <Name>plx_/MediaManager/details.png</Name>
      <WebResourceType>5</WebResourceType>
      <IntroducedVersion>1.0</IntroducedVersion>
      <IsEnabledForMobileClient>0</IsEnabledForMobileClient>
      <IsAvailableForMobileOffline>0</IsAvailableForMobileOffline>
      <IsCustomizable>1</IsCustomizable>
      <CanBeDeleted>1</CanBeDeleted>
      <IsHidden>0</IsHidden>
      <FileName>/WebResources/plx_MediaManagerdetailspng556D572E-91B3-E911-A97E-002248014773</FileName>
    </WebResource>
    <WebResource>
      <WebResourceId>{e59c48c3-f2ad-e911-a98d-002248014cd6}</WebResourceId>
      <Name>plx_/MediaManager/jsTree/themes/default_dark/40px.png</Name>
      <WebResourceType>5</WebResourceType>
      <IntroducedVersion>1.0</IntroducedVersion>
      <IsEnabledForMobileClient>0</IsEnabledForMobileClient>
      <IsAvailableForMobileOffline>0</IsAvailableForMobileOffline>
      <IsCustomizable>1</IsCustomizable>
      <CanBeDeleted>1</CanBeDeleted>
      <IsHidden>0</IsHidden>
      <FileName>/WebResources/plx_MediaManagerjsTreethemesdefault_dark40pxpngE59C48C3-F2AD-E911-A98D-002248014CD6</FileName>
    </WebResource>
    <WebResource>
      <WebResourceId>{079d48c3-f2ad-e911-a98d-002248014cd6}</WebResourceId>
      <Name>plx_/MediaManager/loading200px.gif</Name>
      <WebResourceType>7</WebResourceType>
      <IntroducedVersion>1.0</IntroducedVersion>
      <IsEnabledForMobileClient>0</IsEnabledForMobileClient>
      <IsAvailableForMobileOffline>0</IsAvailableForMobileOffline>
      <IsCustomizable>1</IsCustomizable>
      <CanBeDeleted>1</CanBeDeleted>
      <IsHidden>0</IsHidden>
      <FileName>/WebResources/plx_MediaManagerloading200pxgif079D48C3-F2AD-E911-A98D-002248014CD6</FileName>
    </WebResource>
    <WebResource>
      <WebResourceId>{f51880ff-f2ad-e911-a98d-002248014cd6}</WebResourceId>
      <Name>plx_/MediaManager/jsTree/jstree.js</Name>
      <WebResourceType>3</WebResourceType>
      <IntroducedVersion>1.0</IntroducedVersion>
      <IsEnabledForMobileClient>0</IsEnabledForMobileClient>
      <IsAvailableForMobileOffline>0</IsAvailableForMobileOffline>
      <IsCustomizable>1</IsCustomizable>
      <CanBeDeleted>1</CanBeDeleted>
      <IsHidden>0</IsHidden>
      <FileName>/WebResources/plx_MediaManagerjsTreejstreejsF51880FF-F2AD-E911-A98D-002248014CD6</FileName>
    </WebResource>
    <WebResource>
      <WebResourceId>{1a77d14a-19b2-e911-a98d-002248014cd6}</WebResourceId>
      <Name>plx_/MediaManager/MediaManager.Browser.js</Name>
      <WebResourceType>3</WebResourceType>
      <IntroducedVersion>1.0</IntroducedVersion>
      <IsEnabledForMobileClient>0</IsEnabledForMobileClient>
      <IsAvailableForMobileOffline>0</IsAvailableForMobileOffline>
      <IsCustomizable>1</IsCustomizable>
      <CanBeDeleted>1</CanBeDeleted>
      <IsHidden>0</IsHidden>
      <FileName>/WebResources/plx_MediaManagerMediaManagerBrowserjs1A77D14A-19B2-E911-A98D-002248014CD6</FileName>
    </WebResource>
    <WebResource>
      <WebResourceId>{983766c4-f2ad-e911-a97a-002248014cda}</WebResourceId>
      <Name>plx_/MediaManager/jsTree/themes/default_dark/32px.png</Name>
      <WebResourceType>5</WebResourceType>
      <IntroducedVersion>1.0</IntroducedVersion>
      <IsEnabledForMobileClient>0</IsEnabledForMobileClient>
      <IsAvailableForMobileOffline>0</IsAvailableForMobileOffline>
      <IsCustomizable>1</IsCustomizable>
      <CanBeDeleted>1</CanBeDeleted>
      <IsHidden>0</IsHidden>
      <FileName>/WebResources/plx_MediaManagerjsTreethemesdefault_dark32pxpng983766C4-F2AD-E911-A97A-002248014CDA</FileName>
    </WebResource>
    <WebResource>
      <WebResourceId>{b33766c4-f2ad-e911-a97a-002248014cda}</WebResourceId>
      <Name>plx_/MediaManager/logo.png</Name>
      <WebResourceType>5</WebResourceType>
      <IntroducedVersion>1.0</IntroducedVersion>
      <IsEnabledForMobileClient>0</IsEnabledForMobileClient>
      <IsAvailableForMobileOffline>0</IsAvailableForMobileOffline>
      <IsCustomizable>1</IsCustomizable>
      <CanBeDeleted>1</CanBeDeleted>
      <IsHidden>0</IsHidden>
      <FileName>/WebResources/plx_MediaManagerlogopngB33766C4-F2AD-E911-A97A-002248014CDA</FileName>
    </WebResource>
    <WebResource>
      <WebResourceId>{be3766c4-f2ad-e911-a97a-002248014cda}</WebResourceId>
      <Name>plx_/MediaManager/theme.css</Name>
      <WebResourceType>2</WebResourceType>
      <IntroducedVersion>1.0</IntroducedVersion>
      <IsEnabledForMobileClient>0</IsEnabledForMobileClient>
      <IsAvailableForMobileOffline>0</IsAvailableForMobileOffline>
      <IsCustomizable>1</IsCustomizable>
      <CanBeDeleted>1</CanBeDeleted>
      <IsHidden>0</IsHidden>
      <FileName>/WebResources/plx_MediaManagerthemecssBE3766C4-F2AD-E911-A97A-002248014CDA</FileName>
    </WebResource>
    <WebResource>
      <WebResourceId>{f6c8f600-f3ad-e911-a97a-002248014cda}</WebResourceId>
      <Name>plx_/MediaManager/browser.js</Name>
      <WebResourceType>3</WebResourceType>
      <IntroducedVersion>1.0</IntroducedVersion>
      <IsEnabledForMobileClient>0</IsEnabledForMobileClient>
      <IsAvailableForMobileOffline>0</IsAvailableForMobileOffline>
      <IsCustomizable>1</IsCustomizable>
      <CanBeDeleted>1</CanBeDeleted>
      <IsHidden>0</IsHidden>
      <FileName>/WebResources/plx_MediaManagerbrowserjsF6C8F600-F3AD-E911-A97A-002248014CDA</FileName>
    </WebResource>
    <WebResource>
      <WebResourceId>{fd72ca4b-19b2-e911-a97a-002248014cda}</WebResourceId>
      <Name>plx_/MediaManager/UploadActive.png</Name>
      <WebResourceType>5</WebResourceType>
      <IntroducedVersion>1.0</IntroducedVersion>
      <IsEnabledForMobileClient>0</IsEnabledForMobileClient>
      <IsAvailableForMobileOffline>0</IsAvailableForMobileOffline>
      <IsCustomizable>1</IsCustomizable>
      <CanBeDeleted>1</CanBeDeleted>
      <IsHidden>0</IsHidden>
      <FileName>/WebResources/plx_MediaManagerUploadActivepngFD72CA4B-19B2-E911-A97A-002248014CDA</FileName>
    </WebResource>
  </WebResources>
  <CustomControls />
  <EntityDataProviders />
  <Languages>
    <Language>1033</Language>
  </Languages>
</ImportExportXml>