<ImportExportXml version="9.1.0.8422" SolutionPackageVersion="9.1" languagecode="1033" generatedBy="CrmLive" xmlns:xsi="http://www.w3.org/2001/XMLSchema-instance">
  <SolutionManifest>
    <UniqueName>PortalMediaManager</UniqueName>
    <LocalizedNames>
      <LocalizedName description="Portal Media Manager" languagecode="1033" />
    </LocalizedNames>
    <Descriptions />
    <Version>1.0.0.0</Version>
    <Managed>1</Managed>
    <Publisher>
      <UniqueName>perplex</UniqueName>
      <LocalizedNames>
        <LocalizedName description="Perplex Ltd" languagecode="1033" />
      </LocalizedNames>
      <Descriptions />
      <EMailAddress>rolf@perplex.world</EMailAddress>
      <SupportingWebsiteUrl>https://perplex.world</SupportingWebsiteUrl>
      <CustomizationPrefix>plx</CustomizationPrefix>
      <CustomizationOptionValuePrefix>85318</CustomizationOptionValuePrefix>
      <Addresses>
        <Address>
          <AddressNumber>1</AddressNumber>
          <AddressTypeCode>1</AddressTypeCode>
          <City xsi:nil="true"></City>
          <County xsi:nil="true"></County>
          <Country>United Kingdom</Country>
          <Fax xsi:nil="true"></Fax>
          <FreightTermsCode xsi:nil="true"></FreightTermsCode>
          <ImportSequenceNumber xsi:nil="true"></ImportSequenceNumber>
          <Latitude xsi:nil="true"></Latitude>
          <Line1 xsi:nil="true"></Line1>
          <Line2 xsi:nil="true"></Line2>
          <Line3 xsi:nil="true"></Line3>
          <Longitude xsi:nil="true"></Longitude>
          <Name xsi:nil="true"></Name>
          <PostalCode xsi:nil="true"></PostalCode>
          <PostOfficeBox xsi:nil="true"></PostOfficeBox>
          <PrimaryContactName xsi:nil="true"></PrimaryContactName>
          <ShippingMethodCode>1</ShippingMethodCode>
          <StateOrProvince xsi:nil="true"></StateOrProvince>
          <Telephone1 xsi:nil="true"></Telephone1>
          <Telephone2 xsi:nil="true"></Telephone2>
          <Telephone3 xsi:nil="true"></Telephone3>
          <TimeZoneRuleVersionNumber xsi:nil="true"></TimeZoneRuleVersionNumber>
          <UPSZone xsi:nil="true"></UPSZone>
          <UTCOffset xsi:nil="true"></UTCOffset>
          <UTCConversionTimeZoneCode xsi:nil="true"></UTCConversionTimeZoneCode>
        </Address>
        <Address>
          <AddressNumber>2</AddressNumber>
          <AddressTypeCode>1</AddressTypeCode>
          <City xsi:nil="true"></City>
          <County xsi:nil="true"></County>
          <Country xsi:nil="true"></Country>
          <Fax xsi:nil="true"></Fax>
          <FreightTermsCode xsi:nil="true"></FreightTermsCode>
          <ImportSequenceNumber xsi:nil="true"></ImportSequenceNumber>
          <Latitude xsi:nil="true"></Latitude>
          <Line1 xsi:nil="true"></Line1>
          <Line2 xsi:nil="true"></Line2>
          <Line3 xsi:nil="true"></Line3>
          <Longitude xsi:nil="true"></Longitude>
          <Name xsi:nil="true"></Name>
          <PostalCode xsi:nil="true"></PostalCode>
          <PostOfficeBox xsi:nil="true"></PostOfficeBox>
          <PrimaryContactName xsi:nil="true"></PrimaryContactName>
          <ShippingMethodCode>1</ShippingMethodCode>
          <StateOrProvince xsi:nil="true"></StateOrProvince>
          <Telephone1 xsi:nil="true"></Telephone1>
          <Telephone2 xsi:nil="true"></Telephone2>
          <Telephone3 xsi:nil="true"></Telephone3>
          <TimeZoneRuleVersionNumber xsi:nil="true"></TimeZoneRuleVersionNumber>
          <UPSZone xsi:nil="true"></UPSZone>
          <UTCOffset xsi:nil="true"></UTCOffset>
          <UTCConversionTimeZoneCode xsi:nil="true"></UTCConversionTimeZoneCode>
        </Address>
      </Addresses>
    </Publisher>
    <RootComponents>
      <RootComponent type="1" schemaName="knowledgearticle" behavior="2" />
      <RootComponent type="61" schemaName="plx_/MediaManager/browser.js" behavior="0" />
      <RootComponent type="61" schemaName="plx_/MediaManager/Browser.svg" behavior="0" />
      <RootComponent type="61" schemaName="plx_/MediaManager/control.html" behavior="0" />
      <RootComponent type="61" schemaName="plx_/MediaManager/control.js" behavior="0" />
      <RootComponent type="61" schemaName="plx_/MediaManager/details.png" behavior="0" />
      <RootComponent type="61" schemaName="plx_/MediaManager/Icon192.png" behavior="0" />
      <RootComponent type="61" schemaName="plx_/MediaManager/Icon32.png" behavior="0" />
      <RootComponent type="61" schemaName="plx_/MediaManager/jquery_3.4.1.min.js" behavior="0" />
      <RootComponent type="61" schemaName="plx_/MediaManager/jsTree/jstree.js" behavior="0" />
      <RootComponent type="61" schemaName="plx_/MediaManager/jsTree/jstree.min.js" behavior="0" />
      <RootComponent type="61" schemaName="plx_/MediaManager/jsTree/themes/default/32px.png" behavior="0" />
      <RootComponent type="61" schemaName="plx_/MediaManager/jsTree/themes/default/40px.png" behavior="0" />
      <RootComponent type="61" schemaName="plx_/MediaManager/jsTree/themes/default/style.css" behavior="0" />
      <RootComponent type="61" schemaName="plx_/MediaManager/jsTree/themes/default/style.min.css" behavior="0" />
      <RootComponent type="61" schemaName="plx_/MediaManager/jsTree/themes/default/throbber.gif" behavior="0" />
      <RootComponent type="61" schemaName="plx_/MediaManager/jsTree/themes/default_dark/32px.png" behavior="0" />
      <RootComponent type="61" schemaName="plx_/MediaManager/jsTree/themes/default_dark/40px.png" behavior="0" />
      <RootComponent type="61" schemaName="plx_/MediaManager/jsTree/themes/default_dark/style.css" behavior="0" />
      <RootComponent type="61" schemaName="plx_/MediaManager/jsTree/themes/default_dark/style.min.css" behavior="0" />
      <RootComponent type="61" schemaName="plx_/MediaManager/jsTree/themes/default_dark/throbber.gif" behavior="0" />
      <RootComponent type="61" schemaName="plx_/MediaManager/KnowledgeArticleForm.js" behavior="0" />
      <RootComponent type="61" schemaName="plx_/MediaManager/loading.svg" behavior="0" />
      <RootComponent type="61" schemaName="plx_/MediaManager/loading200px.gif" behavior="0" />
      <RootComponent type="61" schemaName="plx_/MediaManager/loading50px.gif" behavior="0" />
      <RootComponent type="61" schemaName="plx_/MediaManager/loading70px.gif" behavior="0" />
      <RootComponent type="61" schemaName="plx_/MediaManager/loading75px.gif" behavior="0" />
      <RootComponent type="61" schemaName="plx_/MediaManager/logo.png" behavior="0" />
      <RootComponent type="61" schemaName="plx_/MediaManager/MediaManager.Browser.js" behavior="0" />
      <RootComponent type="61" schemaName="plx_/MediaManager/MediaManager.Control.js" behavior="0" />
      <RootComponent type="61" schemaName="plx_/MediaManager/MediaManager.CRM.js" behavior="0" />
      <RootComponent type="61" schemaName="plx_/MediaManager/MediaManager.html" behavior="0" />
      <RootComponent type="61" schemaName="plx_/MediaManager/MediaManager.MockIntf.js" behavior="0" />
      <RootComponent type="61" schemaName="plx_/MediaManager/no_picture.png" behavior="0" />
      <RootComponent type="61" schemaName="plx_/MediaManager/theme.css" behavior="0" />
      <RootComponent type="61" schemaName="plx_/MediaManager/Upload.png" behavior="0" />
      <RootComponent type="61" schemaName="plx_/MediaManager/UploadActive.png" behavior="0" />
    </RootComponents>
    <MissingDependencies />
  </SolutionManifest>
</ImportExportXml>